{
    "items": [
        [
            {
                "name": "rect1763053179475847a3",
                "objet": "rectangle-plein",
                "x": 1480.3960396039606,
                "y": 273.2673267326729,
                "width": 680.7920792079208,
                "height": 728.3168316831684,
                "rotation": 0,
                "fill": "#ff0000",
                "opacity": 1,
                "draggable": false,
                "verrouille": true,
                "identifiant": "u34dfc67f4466",
                "scaleX": 0.4554973821989522,
                "scaleY": 0.9999999999999984
            },
            {
                "name": "rect176305320207678e138",
                "objet": "rectangle-plein",
                "x": 1095.4455445544545,
                "y": 272.07920792079113,
                "width": 680.7920792079208,
                "height": 728.3168316831684,
                "rotation": 0,
                "fill": "#ff7800",
                "opacity": 1,
                "draggable": false,
                "verrouille": true,
                "identifiant": "u34dfc67f4466",
                "scaleX": 0.49214659685863965,
                "scaleY": 0.9999999999999997
            },
            {
                "name": "rect1763053234197e4eba8",
                "objet": "rectangle-plein",
                "x": 417.0297029702969,
                "y": 263.7623762376231,
                "width": 680.7920792079208,
                "height": 728.3168316831684,
                "rotation": 0,
                "fill": "#00ff00",
                "opacity": 1,
                "draggable": false,
                "verrouille": true,
                "identifiant": "u34dfc67f4466",
                "scaleX": 0.4363001745200692,
                "scaleY": 0.9999999999999983
            },
            {
                "name": "rect176305338782670da5",
                "objet": "rectangle-plein",
                "x": 60.594059405940556,
                "y": 267.32673267326663,
                "width": 680.7920792079208,
                "height": 728.3168316831684,
                "rotation": 0,
                "fill": "#116f07",
                "opacity": 1,
                "draggable": false,
                "verrouille": true,
                "identifiant": "u34dfc67f4466",
                "scaleX": 0.4799301919720763,
                "scaleY": 0.9999999999999988
            },
            {
                "name": "rect1763053512330f24a5",
                "objet": "rectangle-plein",
                "x": 752.079207920792,
                "y": 264.9504950495041,
                "width": 680.7920792079208,
                "height": 728.3168316831684,
                "rotation": 0,
                "fill": "#ffff00",
                "opacity": 1,
                "draggable": false,
                "verrouille": true,
                "identifiant": "u34dfc67f4466",
                "scaleX": 0.4363001745200692,
                "scaleY": 0.9999999999999983
            },
            {
                "name": "text1763053563419c04f9",
                "objet": "texte",
                "text": "A",
                "fontSize": 217,
                "lineHeight": 1.25,
                "verticalAlign": "middle",
                "padding": 10,
                "x": 137.82178217821783,
                "y": 490.69306930693074,
                "rotation": 0,
                "fill": "#ffffff",
                "opacity": 1,
                "wrap": "word",
                "draggable": false,
                "verrouille": true,
                "identifiant": "u34dfc67f4466"
            },
            {
                "name": "text1763053600517f74c9",
                "objet": "texte",
                "text": "B",
                "fontSize": 217,
                "lineHeight": 1.25,
                "verticalAlign": "middle",
                "padding": 10,
                "x": 475.24752475247533,
                "y": 493.0693069306931,
                "rotation": 0,
                "fill": "#ffffff",
                "opacity": 1,
                "wrap": "word",
                "draggable": false,
                "verrouille": true,
                "identifiant": "u34dfc67f4466"
            },
            {
                "name": "text1763053625466547778",
                "objet": "texte",
                "text": "C",
                "fontSize": 217,
                "lineHeight": 1.25,
                "verticalAlign": "middle",
                "padding": 10,
                "x": 815.0495049504951,
                "y": 489.50495049504957,
                "rotation": 0,
                "fill": "#ffffff",
                "opacity": 1,
                "wrap": "word",
                "draggable": false,
                "verrouille": true,
                "identifiant": "u34dfc67f4466"
            },
            {
                "name": "text17630536348144657a",
                "objet": "texte",
                "text": "D",
                "fontSize": 217,
                "lineHeight": 1.25,
                "verticalAlign": "middle",
                "padding": 10,
                "x": 1178.6138613861388,
                "y": 489.50495049504957,
                "rotation": 0,
                "fill": "#ffffff",
                "opacity": 1,
                "wrap": "word",
                "draggable": false,
                "verrouille": true,
                "identifiant": "u34dfc67f4466"
            },
            {
                "name": "text1763053646563281798",
                "objet": "texte",
                "text": "E",
                "fontSize": 217,
                "lineHeight": 1.25,
                "verticalAlign": "middle",
                "padding": 10,
                "x": 1554.0594059405942,
                "y": 494.25742574257436,
                "rotation": 0,
                "fill": "#ffffff",
                "opacity": 1,
                "wrap": "word",
                "draggable": false,
                "verrouille": true,
                "identifiant": "u34dfc67f4466"
            }
        ]
    ],
    "commentaires": {},
    "fond": "quadrillage.png"
}